Daily update at Mon Oct 27 11:27:20 UTC 2025
Daily update at Mon Oct 27 13:03:41 UTC 2025
Daily update at Mon Oct 27 13:08:12 UTC 2025
Daily update at Mon Oct 27 13:10:01 UTC 2025
Daily update at Mon Oct 27 13:11:43 UTC 2025
Daily update at Mon Oct 27 13:13:51 UTC 2025
Daily update at Tue Oct 28 09:30:35 UTC 2025
Daily update at Wed Oct 29 09:29:57 UTC 2025
Daily update at Thu Oct 30 09:30:20 UTC 2025
Daily update at Fri Oct 31 09:30:10 UTC 2025
Daily update at Sat Nov  1 09:26:00 UTC 2025
Daily update at Sun Nov  2 09:25:16 UTC 2025
Daily update at Mon Nov  3 09:34:15 UTC 2025
Daily update at Tue Nov  4 09:32:43 UTC 2025
Daily update at Wed Nov  5 09:32:12 UTC 2025
Daily update at Thu Nov  6 09:31:50 UTC 2025
Daily update at Fri Nov  7 09:29:42 UTC 2025
Daily update at Sat Nov  8 09:25:56 UTC 2025
Daily update at Sun Nov  9 09:25:16 UTC 2025
Daily update at Mon Nov 10 09:34:15 UTC 2025
Daily update at Tue Nov 11 09:31:42 UTC 2025
Daily update at Wed Nov 12 09:31:50 UTC 2025
Daily update at Thu Nov 13 09:32:07 UTC 2025
Daily update at Fri Nov 14 09:30:55 UTC 2025
